label,feat_0,feat_1,feat_2,feat_3,feat_4,feat_5,feat_6,feat_7,feat_8,feat_9,feat_10,feat_11,feat_12,feat_13,feat_14,feat_15
0,755.9855347,1465.520752,747.8756104,1121.403076,1535.355957,979.7287598,746.8720093,898.131958,743.3218384,1181.133911,750.4095459,886.8447876,1548.59082,974.5640259,751.7945557,1111.559326
0,875.2357788,1775.450195,872.5718994,1334.507813,1808.302246,1148.6698,880.4973755,1005.165161,880.0280762,1325.058105,885.6448975,1036.053467,1819.668335,1191.562134,876.8339844,1341.841919
0,911.1161499,1714.477783,908.4105225,1318.539307,1879.9104,1143.586426,915.8912964,974.8485718,916.2226563,1284.784668,920.9975586,961.137085,1891.336792,1123.038208,912.6589966,1297.792603
0,713.2052612,1664.985962,705.722168,1346.876709,1452.303101,1080.108276,711.1994629,856.9346313,708.9257813,1144.275024,714.2107544,956.5733643,1466.941162,1140.812866,708.5595703,1308.818604
0,885.0175781,1603.093262,881.796814,1245.389038,1820.408325,1098.50708,885.2541504,1095.430908,884.2209473,1376.663086,890.3741455,1000.5755,1831.813232,982.7330933,886.0519409,1177.139893
0,677.4157104,1359.831665,677.5158081,1008.514709,1400.098267,1116.731201,679.0396729,905.1195068,678.147644,1143.244263,686.151123,866.9916382,1408.280518,1097.801514,683.847168,1036.310181
0,764.180481,1813.273315,763.9217529,1316.349365,1588.788086,1099.048584,772.5963745,947.7316284,771.3516846,1224.024414,777.7508545,938.1723633,1600.142334,1095.338257,768.1907959,1367.866333
0,525.0787964,1168.240356,526.0852051,926.0134888,1080.864258,1083.356323,524.2329102,864.8549805,520.2780762,1115.693604,529.7548218,835.8282471,1091.293945,1059.238647,531.3180542,939.0492554
0,867.555603,1245.740845,861.8149414,951.3574219,1766.740356,910.5877075,862.5478516,806.3772583,861.9937134,1088.46521,867.4686279,837.1784668,1778.00415,909.5164795,866.5323486,983.8110962
0,842.2758789,1321.810913,836.3405762,1030.349731,1711.868896,943.0717163,837.0776367,815.1849365,836.7301636,1095.868164,841.2094116,824.180603,1724.267578,940.9924927,840.4873657,1025.897949
0,929.6891479,1643.316772,925.6898193,1318.820557,1906.637817,1152.972656,929.2952881,959.1453247,929.1021729,1261.216309,934.0501709,935.1204224,1918.645386,1075.966919,929.6171265,1248.661621
0,1067.041138,1676.223267,1062.466187,1246.585205,2189.367432,1002.187805,1070.359253,900.201416,1071.974609,1220.506226,1075.148071,936.3859253,2201.180176,1083.812866,1066.61499,1289.552612
0,979.5172729,1347.679565,976.1777954,1010.840027,2002.953003,940.1226807,979.296875,848.2966919,980.0471802,1119.056274,983.7069092,807.9517822,2015.238403,908.4678955,980.1430054,979.1763306
0,883.1456909,1723.709839,880.7319336,1289.63147,1823.830688,993.0853271,887.0765381,952.397583,886.4570313,1271.449585,891.9643555,952.6133423,1835.550415,973.8793945,884.8789673,1262.929688
0,1017.969971,1417.037109,1013.392456,1067.296997,2083.064697,1094.585327,1019.121826,862.9805298,1020.245178,1169.994141,1024.034912,886.6268921,2094.294922,1082.280762,1018.308594,1088.602051
0,824.9243164,1370.189453,822.8391724,1062.025269,1696.872559,1100.816162,826.2272339,904.3850708,825.8909912,1190.187622,831.7977295,910.2676392,1707.237061,1082.86499,828.0753784,1049.421387
0,844.0844116,1684.923462,843.4307861,1273.633179,1742.29541,1116.730957,851.2288818,898.0525513,850.6355591,1229.523682,856.0568848,1154.02478,1754.096436,1242.577271,847.5504761,1233.122192
0,1010.140747,1441.898804,1005.955933,1096.529175,2069.384277,968.7927856,1009.387024,916.583374,1011.400391,1250.058716,1014.998962,921.2047729,2079.78833,948.1236572,1011.04895,1075.848755
0,988.3670654,1552.409424,980.5114746,1216.042358,2015.114014,1067.45459,982.2878418,992.6035156,981.9267578,1299.911133,986.9931641,994.9556274,2027.135376,1088.655518,984.4882813,1221.193604
0,963.9718018,1378.705566,960.6072998,1064.263184,1973.827026,1116.202271,962.7865601,995.7711792,963.581604,1293.62085,968.2073364,980.6912842,1984.324219,1065.821045,965.8690186,1075.745605
0,901.5284424,1339.859375,898.7373047,1011.101624,1847.870483,992.7581177,898.3705444,952.8032227,898.1499023,1245.865479,904.2996826,914.8632813,1857.922852,956.3983154,903.881897,990.9287109
0,833.9017334,1437.183228,833.2241211,1077.768188,1719.900757,1014.181274,834.9221191,986.4901123,833.4385376,1304.578491,840.2942505,923.5789185,1730.909424,960.2929688,837.7307129,1063.411743
0,883.0327759,1409.012329,881.526001,1043.453125,1816.044922,1085.519043,884.7185669,913.055542,884.6242676,1179.753906,890.5361328,859.8968506,1826.294434,1006.098999,886.5239258,1001.520081
0,943.0643311,1484.267334,940.072876,1112.200684,1936.563232,1011.720886,943.9667358,920.8371582,944.3085327,1223.883789,949.526001,928.7445679,1947.281738,1037.033569,944.7444458,1138.381104
0,480.7521362,1509.324585,485.458374,1165.318359,1003.999084,1112.266968,486.0294189,881.25354,482.5371704,1134.591553,492.7746582,854.9382935,1012.567932,1052.536255,491.6957397,1045.562988
0,456.253479,1179.217651,455.3016357,924.0582275,930.3477783,913.6900635,457.4755249,744.6754761,452.4046631,1019.217834,459.5084229,774.3908081,944.5929565,909.1967163,460.0810547,888.1427612
0,779.1153564,1288.491455,776.2160034,974.9650269,1595.49231,1039.387939,775.5376587,918.6967773,774.2469482,1190.635742,781.3005981,872.8117065,1605.836914,1021.539795,781.1553955,1017.610718
0,991.1920776,1460.05896,987.8388062,1088.62207,2034.18335,1015.550659,991.1239014,969.3477783,991.946106,1270.203735,996.748291,947.8104248,2044.733887,992.454834,992.6652222,1067.922729
0,718.8352051,1268.202026,711.9103394,1039.802246,1455.653687,1103.948486,708.9152222,901.84198,707.0333862,1140.732422,713.1494141,918.6463623,1468.378174,1180.812134,715.3651123,1121.75708
0,903.8591309,1264.268677,899.7055664,965.8897705,1847.559814,932.9046021,899.1966553,875.3674927,898.569458,1186.768433,904.5991211,836.8953247,1858.22998,857.4196777,904.68573,915.2095337
0,581.6463013,1650.532715,577.9912109,1215.30957,1199.471313,949.5706787,587.6577759,737.1858521,583.2164307,1006.976807,589.892334,744.1131592,1214.192139,918.6904907,581.4220581,1170.791138
0,965.2214355,1406.315186,962.3015137,1009.138367,1980.214355,925.2836304,966.0794067,835.789917,966.4786377,1152.279541,971.0758667,805.4523315,1991.660645,872.4987183,966.6741333,1005.460022
0,1076.434082,1365.101929,1072.338867,990.3005371,2201.738525,890.1484375,1072.158325,971.0316162,1073.720093,1351.038086,1077.50647,956.6790771,2212.736572,853.098999,1076.854492,987.5498047
0,1081.259888,1442.538696,1076.941162,1055.295044,2215.003906,828.2609253,1075.136719,1106.960938,1075.938599,1520.776245,1080.282104,1086.777222,2226.372559,798.3355103,1081.202271,1047.181519
0,919.3269653,1393.861816,916.9528809,1005.561401,1889.380127,954.0460815,921.5411987,824.7634277,921.8254395,1152.878784,927.2844849,818.5300293,1899.77832,923.4066772,921.833252,1011.108215
0,936.5783691,1675.285278,933.6258545,1236.551636,1930.937622,1079.078369,943.3425903,896.4634399,943.8096924,1186.701782,948.4846802,885.3167725,1942.311401,1074.6073,937.8839111,1242.961792
0,846.1141357,1483.073608,837.4282227,1181.894531,1724.425781,955.8661499,837.616272,914.4849854,836.0452881,1278.737549,842.135437,919.0411377,1736.587524,945.784668,841.3561401,1148.806152
0,817.7231445,1291.163574,813.3845825,973.505188,1668.644409,900.9378662,811.84375,857.0670776,810.6812134,1176.633667,817.1956177,904.6275635,1679.709839,926.8112793,817.8734131,993.8093262
0,737.567749,1565.821167,733.699646,1159.220703,1518.766479,926.8074951,735.8276367,899.8686523,733.6657715,1230.479004,740.947876,896.4779053,1530.172363,944.1242676,737.942749,1150.015259
0,952.5078125,1638.971191,949.1687622,1244.837646,1962.20166,968.2606812,954.9489746,945.4467163,955.3786621,1297.028442,960.0964355,941.9459839,1973.567749,931.5998535,953.4307861,1234.093018
0,776.5897217,1769.234497,775.2920532,1351.959351,1611.238281,1070.64978,783.4885254,962.3770752,781.6269531,1245.373413,788.3869629,926.9515991,1622.936279,1036.10437,779.4041748,1358.019897
0,993.7124634,1685.563843,990.3180542,1265.386353,2044.421631,946.2609253,996.086731,903.4026489,996.6665039,1252.182983,1001.223389,899.3262329,2055.806152,931.2092896,994.5714111,1207.994507
0,970.4769897,1460.880005,967.4441528,1054.721558,1991.864136,945.079895,972.4817505,866.9658203,973.1275635,1167.255371,977.6670532,848.5939331,2003.050293,966.0125122,971.887085,1097.550171
0,891.3185425,1348.538574,890.1207275,995.3022461,1830.19519,1014.802856,892.6466064,823.4298706,892.8410645,1097.419189,898.1830444,813.2362061,1840.812012,960.6324463,894.9625244,950.7034302
0,851.7073364,1329.230835,850.1976318,993.9745483,1749.917725,986.8800659,851.4091187,885.7394409,850.4481812,1184.653076,856.1486206,863.7457886,1761.807373,978.9813232,854.2408447,983.835022
0,837.3781738,1343.181763,833.8511963,1019.996521,1713.283447,907.4039917,833.2919922,915.9827271,831.6398926,1241.739868,838.524292,863.0929565,1724.52478,862.3918457,838.1966553,1010.352966
0,807.911438,1515.479492,800.1519775,1168.186401,1643.376709,942.4924316,805.47229,761.2902832,803.4854736,1059.984741,807.9049683,761.3917236,1658.531738,982.2220459,802.5961914,1179.05957
0,869.8702393,1447.525391,868.3189697,1071.22937,1791.904907,1048.095093,871.5938721,898.0713501,871.690918,1192.641113,877.3150635,874.0890503,1802.221436,994.7296753,873.3549194,1045.808716
1,785.925354,1823.392456,785.4304199,1336.172119,1632.05542,1152.152954,794.1040649,1010.260803,793.095459,1276.574707,799.258667,987.2091675,1643.409912,1137.118042,789.6994629,1378.038574
1,912.322876,1597.575928,908.8069458,1243.030396,1874.718262,1064.0625,912.1505127,1106.245361,911.5512085,1413.506104,917.2704468,1066.247681,1886.123291,990.7133179,913.0620117,1175.285767
1,780.4216309,1515.76709,772.0515137,1175.593384,1583.990967,1006.840149,771.0461426,964.5762939,767.7617188,1243.708862,774.5834961,953.2912598,1597.225952,1046.160767,775.9706421,1187.584473
1,915.6816406,1715.694092,912.927002,1321.702271,1888.996826,1150.616455,920.4076538,990.8126221,920.7895508,1300.617798,925.513916,972.1553345,1900.422852,1118.344727,917.175354,1297.134033
1,891.5921631,1779.435059,888.7520752,1341.809692,1840.848755,1173.503662,896.6762695,1029.671387,896.3830566,1333.086792,901.8237305,1063.479736,1852.2146,1221.683716,893.0141602,1350.275391
1,895.4418945,1241.137939,889.4001465,942.340332,1822.236816,921.9211426,890.1359253,797.9413452,889.8856201,1084.017944,895.055542,825.562561,1833.501953,919.4450684,894.116333,971.7922974
1,758.6513672,1470.321533,750.5168457,1129.372803,1540.674194,988.9783936,749.5114136,910.3137207,745.9914551,1186.892578,753.0488892,886.032959,1553.909058,972.9584961,754.4359741,1109.613525
1,528.0574341,1173.226563,529.0344238,931.0082397,1086.804321,1095.671509,527.1826782,882.6112671,523.2596436,1125.749634,532.7052002,830.0919189,1097.233276,1055.720947,534.2678223,938.1307373
1,916.8469238,1735.478149,914.0797119,1334.501953,1891.31543,1148.990112,921.5604248,996.4111938,921.9549561,1301.768066,926.666748,989.3668823,1902.741699,1126.250122,918.328125,1314.540771
1,533.284668,1204.30481,534.2602539,956.1029663,1098.929321,1094.386963,533.2287598,892.1959839,529.3770752,1127.32959,538.7512817,846.0481567,1109.358398,1063.684448,539.4936523,968.9491577
1,877.4058838,1777.453491,874.7192993,1336.758057,1812.621948,1148.253174,882.6435547,1006.76947,882.1967773,1326.597778,887.7910156,1032.2948,1823.987915,1189.066528,878.9814453,1341.567749
1,717.522522,1667.217407,709.996582,1350.570923,1460.907959,1087.466797,715.4764404,885.2701416,713.2512207,1173.846924,718.4859009,959.5405884,1475.548828,1131.236328,712.8322144,1309.964844
1,768.276001,1814.477051,767.9720459,1319.636597,1596.937988,1106.047119,776.6456299,968.4707642,775.446106,1237.536011,781.8001709,946.1716919,1608.292358,1095.320557,772.2410889,1367.495972
1,762.2989502,1835.242432,762.0596924,1331.119019,1585.031982,1101.324097,770.781189,986.1428833,769.8614502,1263.270752,775.9356689,1001.887024,1596.386353,1129.136719,766.3287354,1389.890137
1,887.3574219,1602.999878,884.1120605,1237.12439,1825.072632,1097.299438,887.5714111,1107.405029,886.5634766,1386.162231,892.6914063,1006.111023,1836.477783,990.1080933,888.3670654,1178.912598
1,927.5942383,1608.061646,923.9136963,1240.555786,1905.133301,1087.044556,927.3731079,1099.876221,926.800354,1371.297607,932.493042,1010.945251,1916.538452,977.9710083,928.1687012,1188.870972
1,932.819397,1723.115601,929.8792725,1332.958374,1923.096313,1159.910522,937.3599854,1003.665527,937.9273071,1304.917114,942.4663086,1006.10437,1934.522461,1175.380859,934.1276855,1319.338135
1,869.6495361,1247.358521,863.8884277,954.6777954,1770.92041,938.0067139,864.6237793,829.8674316,864.0946045,1087.029419,869.543396,822.4624634,1782.186035,909.8405762,868.6046753,984.4384766
1,820.8162231,1307.407349,815.1149902,1019.203247,1669.18689,942.8938599,815.8634644,856.9291992,815.256897,1114.109741,819.9925537,853.5708008,1681.589478,931.524231,819.2591553,1016.128174
1,697.6090088,1375.658325,697.4899292,1027.683594,1440.278564,1149.388062,699.0133667,935.2723389,698.3406372,1155.593506,706.1246338,892.4152832,1448.461182,1135.197021,703.8210449,1071.452637
1,854.9332275,1320.714478,848.862793,1020.041321,1737.061157,954.9694824,849.5990601,826.1866455,849.3849487,1101.029297,853.7281494,852.0258179,1749.463745,984.3069458,853.007019,1037.788208
1,571.8371582,1173.668579,572.3404541,939.887085,1173.914063,1104.184082,570.4887695,864.901123,567.0394287,1115.797974,576.0112305,841.6557617,1184.343262,1074.058716,577.5738525,945.2956543
1,730.117981,1687.839844,722.4558105,1364.632446,1485.969727,1081.261841,727.9356689,867.9996338,725.8467407,1156.344849,730.9451904,985.5632324,1500.610596,1149.206299,725.2914429,1341.626709
1,844.5654297,1323.442627,838.6072998,1037.775635,1716.432129,949.6553955,839.3435059,826.9338989,839.017334,1111.847534,843.4726563,842.7078247,1728.834839,941.5853271,842.7514648,1030.017578
1,886.2640381,1779.901245,883.3344116,1355.782349,1829.872559,1163.998169,891.2227783,1043.400757,890.8696899,1360.326904,896.3702393,1092.874634,1841.238281,1195.839111,887.5964966,1351.920044
1,703.656311,1316.039063,702.9064941,998.4970703,1449.260986,1107.636841,703.5679932,889.8772583,702.6271973,1140.900269,710.3699951,886.7739868,1457.777954,1093.6521,709.1141357,982.4325562
1,804.0727539,1459.940796,795.4468384,1118.686768,1631.050293,959.6164551,794.4414673,903.6173096,791.4128418,1184.649414,797.9788818,892.4801636,1644.2854,952.2719727,799.3659058,1103.998535
1,855.6889648,1207.137207,850.1209717,930.6017456,1741.682373,945.0560913,850.137207,901.1043701,849.4101563,1177.801147,855.0247803,962.0292358,1752.998413,1028.572266,854.8069458,1006.093872
1,759.6435547,1647.697998,751.6617432,1327.779785,1544.717651,1068.921875,757.1416016,849.086853,755.3721313,1123.751709,760.151123,945.772583,1559.358398,1100.524414,754.4974365,1289.019043
1,681.491394,1363.113159,681.5466309,1011.726868,1408.20874,1119.99353,683.0700684,905.7272339,682.2230225,1153.10022,690.1812744,871.2146606,1416.391235,1097.339355,687.8777466,1038.619873
1,862.9086914,1695.769409,862.0302124,1294.689331,1779.393799,1119.022461,869.7636108,927.0986938,869.9313965,1219.104248,874.5913086,1053.443237,1791.195557,1180.248779,866.149292,1258.698486
1,1004.012573,1548.012939,995.9893188,1224.106567,2046.251953,1078.69043,997.7630615,998.7793579,997.5705566,1314.864014,1002.468384,1019.128784,2058.273438,1127.509033,999.9660645,1228.623169
1,828.2501221,1371.20813,826.1300049,1062.778442,1703.499756,1095.944824,829.5180664,911.5992432,829.2182617,1188.231201,835.0895996,909.7235107,1713.862061,1081.185791,831.3674316,1051.015625
1,1026.748291,1567.393433,1018.477417,1247.798218,2091.493164,1027.305664,1020.205566,1006.399231,1020.247681,1322.787964,1024.910889,1026.75354,2103.51416,1075.154663,1022.454224,1217.698364
1,947.7288208,1660.965942,943.538147,1337.893677,1942.547241,1165.033691,947.1398315,993.0320435,947.1408691,1296.185669,951.8991699,990.8218994,1954.548828,1106.066284,947.4649048,1274.22168
1,934.8956299,1648.190796,930.84375,1324.780884,1917.012451,1158.464111,934.4454346,977.4645996,934.3076172,1296.617676,939.204895,970.5097046,1929.01416,1073.019531,934.7706299,1246.98645
1,980.6148682,1349.661865,977.2677612,1011.027344,2005.149658,942.8198853,980.3841553,854.9330444,981.1453857,1121.133301,984.7965698,811.5475464,2017.434448,909.47229,981.2311401,980.7598877
1,1020.546387,1414.214478,1015.942688,1065.901855,2088.197266,1097.319458,1021.672424,897.5437012,1022.82312,1178.511963,1026.582397,890.7584839,2099.432861,1081.530029,1020.855347,1083.521973
1,980.1566162,1628.922852,975.6149902,1299.092285,2007.06958,1090.521606,979.2167358,945.68927,979.5683594,1251.601318,983.9761353,922.5786743,2019.071289,1022.934998,979.541748,1232.721191
1,965.4057007,1377.898438,962.0299072,1071.084717,1976.690918,1137.525513,964.2045288,1000.389648,965.0167236,1269.534668,969.6278687,973.3713379,1987.184448,1059.019043,967.2861938,1070.536133
1,1070.221558,1684.376831,1065.613403,1254.842407,2195.707031,1009.010925,1073.504272,917.0202026,1075.15625,1248.410645,1078.298218,972.5565186,2207.513672,1099.517822,1069.762207,1314.139648
1,1061.822021,1416.877686,1056.771851,1071.872192,2170.324707,1074.746826,1062.501587,856.6639404,1064.098877,1168.452881,1067.411499,886.2724609,2181.560303,1067.382446,1061.684448,1082.433228
1,1015.00354,1448.097412,1010.766541,1099.452515,2079.056152,976.7590332,1014.141235,933.1433716,1016.234619,1249.845337,1019.753235,934.2414551,2089.460205,948.9505005,1015.859558,1087.427979
1,989.9485474,1346.838867,986.4990234,1001.885986,2023.717651,925.8393555,989.5136108,867.2314453,990.4050293,1122.084351,993.9260864,832.0348511,2036.002197,894.4748535,990.4624023,971.9707642
1,1069.383667,1673.832397,1064.784424,1244.111694,2194.039551,1002.379333,1072.675415,902.1832275,1074.318237,1237.665527,1077.46936,940.574585,2205.84668,1071.507813,1068.93335,1286.683472
1,884.7617798,1723.913818,882.3314209,1293.388672,1827.051758,1017.449463,888.6755371,968.5083008,888.0748291,1275.10376,893.5635986,950.4090576,1838.77124,974.0471191,886.4785156,1262.593262
1,845.894043,1686.860718,845.2240601,1271.796997,1745.907227,1123.131958,853.0214233,891.4190063,852.446167,1210.012817,857.848999,1090.990723,1757.708984,1219.623901,849.3431396,1236.200317
1,873.135376,1366.535522,870.5296631,1052.374756,1792.809448,1076.22522,873.9178467,888.3444824,874.1036377,1175.156738,879.4893799,892.8522339,1803.171631,1053.324707,875.7670898,1043.016235
1,991.0998535,1372.898315,987.3591309,1064.28479,2027.601563,1109.199951,989.4364014,1045.792114,989.9829102,1371.418091,994.8597412,1073.041748,2038.095093,1086.30896,992.6154785,1076.294312
1,989.4951172,1357.331909,986.0518799,1015.642761,2022.819336,960.9580078,989.1682129,851.7443237,990.0256348,1128.354858,993.5806885,816.8597412,2035.10376,911.4824219,990.0153809,987.7503052
1,1026.15979,1444.529053,1021.802307,1097.758667,2101.263184,989.9298096,1025.231323,939.2612915,1027.417725,1262.36499,1030.843262,930.5187378,2111.667236,953.5883789,1026.895264,1095.050659
1,1103.125366,1668.19043,1098.161255,1235.33374,2261.176758,979.80896,1106.052246,877.8989258,1108.060059,1188.219238,1110.846069,897.8294067,2272.983643,1035.73584,1102.310059,1278.387207
1,848.362793,1386.45459,846.0250244,1073.757813,1743.518555,1093.172241,849.4130859,940.5805664,849.3309937,1220.140625,854.9846191,952.3079224,1753.880859,1094.193604,851.2625122,1065.38623
1,1026.064819,1433.344238,1021.36145,1095.741089,2099.14209,1114.008423,1027.11499,873.668335,1028.327026,1167.751587,1032.025024,919.5360107,2110.377441,1108.622192,1026.27417,1106.893433
1,1013.286926,1445.288452,1009.068787,1098.246826,2075.649658,969.8250732,1012.497803,926.921814,1014.544739,1251.83313,1018.10968,933.2081299,2086.053711,945.8539429,1014.161743,1073.806641
1,990.2624512,1551.696289,982.3880615,1220.52356,2018.893311,1086.671387,984.1616821,1002.503662,983.8205566,1300.407959,988.8671265,998.4630127,2030.914795,1085.649658,986.3648682,1218.300903
1,874.2318726,1683.62793,873.2554321,1263.329346,1802.292114,1115.325195,881.0527344,879.4956055,880.7841187,1180.142822,885.8803711,1037.031006,1814.094116,1185.335327,877.3745117,1227.604858
1,897.7849121,1725.933838,895.213623,1295.361572,1852.964233,1006.144226,901.5578613,959.5880127,901.0980225,1281.289307,906.4459229,977.4770508,1864.683716,1007.482422,899.3607788,1270.318604
1,1003.501648,1364.22168,999.7138672,1039.941406,2052.491943,1082.768188,1001.888489,914.9660645,1003.112793,1222.362671,1007.311829,952.8411865,2062.985352,1041.861816,1004.970337,1059.889648
1,874.9663086,1748.794922,872.6417847,1323.831421,1807.561279,1019.732178,878.9862061,1013.077637,878.2792358,1339.318481,883.8741455,1047.333984,1819.280762,1029.496826,876.7889404,1287.120605
1,884.8726807,1409.156372,883.3444824,1042.619629,1819.707764,1094.200562,886.5368652,931.1099854,886.460144,1188.174927,892.3527222,864.1832275,1829.959961,1003.432861,888.3405151,999.2363281
1,484.4674683,1517.02832,489.1367798,1165.345215,1011.40448,1110.593018,489.7032471,890.9204712,486.2510376,1142.436279,496.4515381,863.8317871,1019.971069,1051.977661,495.3733215,1060.066162
1,903.4962158,1340.204956,900.6853638,1011.264709,1851.80127,992.8950806,900.3223877,959.6749878,900.1226807,1250.966309,906.2511597,917.7119751,1861.85437,957.4113159,905.8295898,994.2232666
1,906.2399902,1265.53064,902.0619507,970.9957275,1852.31189,935.5891113,901.552124,892.7174072,900.9524536,1194.486694,906.9575806,842.7675171,1862.97876,855.2622681,907.0438232,920.0025024
1,517.8612061,1515.593506,522.1694336,1182.886475,1077.844482,1133.592407,522.7333984,915.1551514,519.6498413,1165.622314,529.4817505,875.7419434,1086.411133,1053.502686,528.4059448,1068.526001
1,782.0839844,1292.133789,779.1580811,975.7639771,1601.421875,1036.797241,778.4832764,923.6323242,777.2245483,1198.75415,784.2462158,881.6130371,1611.766357,1022.782227,784.0975342,1021.452576
1,918.5454102,1276.239014,914.2340698,984.7592163,1876.796143,943.0170288,913.7243652,886.4844971,913.2578125,1192.644653,919.1296387,861.4215088,1887.463013,876.1292114,919.2160645,917.1135254
1,914.4799805,1344.408081,911.550354,1001.64563,1873.656006,964.8704834,911.1872559,915.2365112,911.1063232,1231.04834,917.1159058,921.4799805,1883.708984,937.7109985,916.6945801,978.0921631
1,764.8048096,1265.611206,757.3864136,1032.827881,1547.141846,1097.658325,754.3951416,904.5297241,753.0115967,1139.87207,758.6295166,903.8371582,1559.866211,1151.286987,760.8411865,1114.89209
1,966.8314819,1485.852417,963.581665,1106.037354,1983.827759,978.4241943,967.0784912,923.7507324,967.223877,1224.039917,972.6378784,940.522644,1994.546509,1018.573608,968.2533569,1135.886719
1,796.4754028,1299.146606,793.3937988,996.6954956,1630.056763,1079.348755,792.7188721,959.7400513,791.6159058,1211.915527,798.4819336,899.6646118,1640.401367,1058.49231,798.333252,1032.678223
1,991.7384033,1477.263428,988.7938232,1135.931519,2036.164063,1069.192993,992.1089478,1015.217529,992.9423218,1312.568237,997.7329712,987.413208,2046.715576,1025.78894,993.6196289,1103.294678
1,506.6897583,1180.111328,505.1943359,923.5887451,1030.712646,945.5080566,507.3678589,750.4743652,502.8391724,1007.6745,509.4007568,765.9088745,1044.957642,932.6109619,509.9737549,896.7629395
1,460.2235413,1185.39563,459.2307434,929.5050659,938.2570801,922.6072998,461.4042664,763.4987793,456.3728638,1018.356812,463.4372253,784.4397583,952.5021973,915.7907104,464.0101929,896.6846313
1,925.0823364,1406.187866,923.1190796,1032.869873,1899.714355,1065.782227,926.3115234,902.9365234,926.6697998,1169.821533,932.1274414,849.40979,1909.966553,980.9260864,928.1151733,993.4260254
1,994.2987061,1460.594116,990.9107666,1102.275146,2040.36499,1032.397095,994.194458,968.2026978,995.0509033,1262.882202,999.8182373,942.2086792,2050.916504,983.0980225,995.7364502,1065.917847
1,908.4464722,1447.376831,906.663208,1077.851929,1866.613281,1084.489258,909.8555908,917.072876,910.0339966,1200.127563,915.6714478,887.0907593,1876.865723,994.5982056,911.6593018,1047.449463
1,924.6956787,1338.036011,921.6555786,1029.717407,1893.982666,1028.953735,921.2924805,984.2921753,921.3221436,1259.677002,927.2212524,946.9059448,1904.035645,982.2749023,926.7998047,1019.376892
1,1025.684082,1454.914063,1021.956604,1082.033813,2102.813721,993.1516724,1025.240234,950.758728,1026.436401,1250.859741,1030.864014,937.1281738,2113.365234,973.3879395,1026.782471,1063.336548
1,837.6394043,1437.676758,836.9199219,1082.621582,1727.345215,1021.567139,838.6187744,1011.080139,837.1759644,1298.937744,843.9902344,928.6010742,1738.35498,968.4395142,841.4257813,1056.819824
1,966.1281128,1484.501953,962.8874512,1125.677612,1982.461304,1037.924316,966.7802734,934.130127,967.3693237,1229.004639,972.3396606,968.1818237,1993.180054,1072.943481,967.559082,1147.345581
1,880.6013794,1420.308228,879.4170532,1062.9198,1812.828125,987.4486694,881.1159668,974.5791626,880.1380615,1287.744385,886.4874268,904.0369263,1823.837769,924.8983154,883.9229736,1041.69104
1,484.1092529,1243.440186,482.8580933,981.6746826,985.7833862,959.8145142,485.0316162,831.958252,480.258667,1077.01062,487.0645752,836.9534302,1000.028442,974.559021,487.6375732,970.5705566
1,812.0362549,1300.350464,808.913269,1016.026184,1661.458984,1070.163818,808.331665,951.4307251,807.3997803,1224.584839,814.0945435,948.597168,1671.803589,1013.811584,813.8526611,1001.873047
1,945.9121094,1482.209717,942.8902588,1117.369507,1942.237061,1022.918518,946.782959,930.2133789,947.1533813,1219.697266,952.3422852,921.4003906,1952.955811,1028.892822,947.5619507,1136.818604
1,502.5821838,1507.494141,507.0555725,1167.800415,1047.44812,1148.749756,507.6221313,947.4795532,504.3657837,1180.93396,514.3704224,893.4399414,1056.014648,1081.908447,513.2921143,1074.027222
1,723.2324829,1267.013062,716.2637329,1041.682739,1464.423828,1120.237915,713.2724609,937.5933838,711.43927,1159.783936,717.5067139,920.5181274,1477.148071,1166.890503,719.7185059,1122.38855
1,917.5551758,1266.699829,913.2546387,990.5792847,1874.82605,960.2327881,912.744812,943.9750366,912.2675781,1252.766846,918.1502075,917.4699097,1885.49292,874.515564,918.2364502,926.007019
1,717.7905273,1265.677368,711.128479,1053.960571,1453.682373,1117.61853,708.0307617,923.3862305,706.7871094,1163.077515,712.2650146,984.9147339,1466.406616,1222.599487,714.583252,1139.641724
1,831.2540894,1440.803955,830.604248,1082.563721,1714.610596,1025.003906,832.4100342,1005.689209,831.6735229,1297.258667,837.7814941,928.2370605,1725.620483,960.4231567,835.1099854,1068.780151
1,981.524231,1419.526611,978.4276733,1027.909912,2012.657471,944.5882568,982.2033081,847.8753052,982.7791138,1158.182251,987.2005615,829.9025269,2024.103394,921.6202393,982.7998047,1033.619873
1,967.2328491,1406.650757,964.2907104,1010.430603,1984.221069,931.335144,968.0664063,844.5233154,968.4874268,1162.426025,973.0636597,812.2498169,1995.667236,874.5286255,968.6629028,1005.756897
1,624.7338867,1649.412598,620.59729,1212.654907,1285.18811,973.8775635,630.2727661,747.6959839,626.2935181,1012.684631,632.5064087,757.7341919,1299.9104,962.4560547,624.0271606,1170.206299
1,1123.24292,1443.215942,1118.469482,1058.182495,2298.539063,810.6168213,1116.661133,1114.646118,1117.9198,1522.38623,1121.806519,1091.087646,2309.907715,781.4445801,1122.730591,1052.476318
1,740.0783691,1567.296265,736.182312,1158.706299,1523.768311,943.2075195,738.3081055,937.8685303,736.1723633,1248.771729,743.4284668,906.2763062,1535.17334,940.9073486,740.4259033,1152.512207
1,766.5493164,1588.474731,762.3638916,1193.905884,1576.427979,942.3233032,763.9926147,942.8321533,761.7106323,1292.078857,769.1129761,1003.719971,1587.833252,1012.415527,766.6074219,1190.654419
1,1092.775391,1377.21167,1088.504395,1005.530334,2234.261719,905.1808472,1088.324463,974.4807129,1090.0625,1353.135986,1093.671875,977.7327271,2245.260986,892.5941162,1093.019409,1016.0047
1,993.3962402,1637.818481,989.6143799,1242.433228,2043.55835,949.7838135,995.3929443,937.2176514,996.265625,1292.517578,1000.540405,937.9996948,2054.924316,911.3348999,993.8764648,1232.150879
1,1084.061523,1445.275269,1079.712036,1059.480713,2220.578613,833.2223511,1077.903687,1118.978027,1078.738403,1528.240967,1083.048828,1088.162231,2231.947266,796.0983276,1083.973145,1050.463989
1,1055.178467,1355.358398,1050.594238,1012.988892,2157.388184,921.2307129,1050.406494,973.1140137,1051.691162,1342.865601,1055.753906,962.6976318,2168.387695,861.7587891,1055.109131,989.0077515
1,936.2169189,1404.72583,933.6613159,1018.431335,1922.999756,984.7919922,938.2509766,866.0392456,938.7172241,1170.174438,943.9943237,824.8447876,1933.397949,931.8904419,938.5414429,1032.494629
1,922.0819092,1393.440918,919.6791992,1000.851807,1894.874878,957.6737671,924.2689209,846.2991943,924.5821533,1163.385498,930.012207,825.7982788,1905.273193,921.3501587,924.5594482,1014.175903
1,603.0339355,1674.200073,599.147583,1234.918945,1242.03479,967.4735718,608.815918,782.4448242,604.6021729,1051.374878,611.0496216,826.326355,1256.756958,980.7156372,602.5774536,1209.717529
1,947.4779663,1665.736938,944.1373291,1226.171387,1951.388672,1081.807251,953.4978027,939.6035767,954.0493774,1265.325806,958.6400146,969.1721802,1962.762329,1076.625366,948.3953857,1245.382813
1,756.1398315,1597.124023,752.0698242,1194.659302,1555.72583,981.4626465,754.1956177,921.1768799,752.2337646,1245.02124,759.31604,930.9717407,1567.131104,992.0690918,756.3134155,1189.036865
1,914.7139282,1421.692993,912.3910522,1018.659119,1880.2146,947.7728882,916.9805908,840.0355225,917.2143555,1161.768311,922.723877,832.9841919,1890.612793,919.3893433,917.2712402,1025.549316
1,1078.063232,1364.628784,1073.951294,993.4553223,2204.988281,901.6359253,1073.771362,974.5328979,1075.350098,1354.893677,1079.118652,950.5537109,2215.987549,847.8956299,1078.466309,988.1676636
1,831.7983398,1301.126465,827.3118896,997.9716797,1696.677979,898.6842041,825.7740479,875.2340698,824.7658691,1180.759888,831.1282959,912.7616577,1707.739014,946.7003174,831.802063,1008.834595
1,955.8018188,1637.986084,952.4265137,1244.907471,1968.755005,974.0704956,958.2050781,956.0238037,958.6710205,1305.946411,963.352478,948.1559448,1980.120972,933.1407471,956.6886597,1233.921753
1,971.6426392,1425.039795,968.6528931,1034.177734,1992.995605,939.8995972,972.4285889,857.0110474,972.8972778,1176.489136,977.4259033,845.0391846,2004.441406,880.6659546,973.0251465,1015.933472
1,967.7423096,1653.786133,964.237915,1263.948608,1992.51355,974.6959839,970.0163574,978.0706177,970.6115112,1330.520996,975.1638794,1001.473816,2003.879639,970.1207886,968.500061,1255.766968
1,850.3161621,1482.073853,841.5881348,1184.950684,1732.796387,979.9125977,841.7703247,964.72052,840.2444458,1289.835205,846.2896729,921.5718384,1744.958374,942.3430786,845.5161743,1146.004395
1,806.4967041,1321.898682,802.2839355,991.2198486,1646.334473,903.0195313,800.7459717,854.7349243,799.4640503,1178.721924,806.1002197,915.3475952,1657.395508,908.5765991,806.7740479,995.0927124
1,977.793457,1672.718018,974.3947754,1234.307251,2012.944092,1054.784302,984.1099854,894.7103882,985.0240479,1184.268188,989.2521362,878.2460327,2024.317627,1048.869019,978.652832,1236.902588
1,846.6750488,1514.697754,837.9865112,1219.098022,1725.55188,969.0426025,838.1687012,940.4713135,836.6033936,1296.656616,842.6879272,937.2457886,1737.713745,941.0245972,841.9144897,1164.816284
1,585.9416504,1656.006226,582.2401123,1223.421143,1208.025635,956.5443115,591.9085693,755.3735962,587.5098877,1029.578491,594.1422119,774.5255737,1222.747803,925.1903687,585.6700439,1174.229126
1,1084.198608,1475.417236,1079.847656,1101.515503,2220.851563,871.7166748,1078.039185,1151.737549,1078.875488,1549.95874,1083.18457,1124.67627,2232.219971,857.59552,1084.108643,1111.746826
1,821.7468872,1290.323853,817.3691406,975.5252686,1676.678223,921.9848022,815.8312988,892.6217651,814.7143555,1190.35376,821.1855469,897.4769897,1687.739258,919.1263428,821.8592529,992.9685059
1,861.303772,1493.662109,852.4570313,1191.32251,1754.659058,960.7675171,852.6391602,949.2879639,851.2320557,1319.198364,857.1584473,968.3505249,1766.820801,960.8426514,856.3850098,1160.043945
1,940.9307861,1677.886963,937.9307251,1237.280884,1939.596924,1079.97583,947.6459961,900.3920898,948.161499,1192.174316,952.7883301,894.5593262,1950.970459,1074.054932,942.1888428,1244.902222
1,779.2178955,1772.545776,777.8917236,1354.171753,1616.473511,1069.168701,786.0901489,959.8545532,784.2562256,1252.090454,790.9885864,929.3986206,1628.171631,1033.872803,782.0039063,1360.397827
1,959.932251,1356.79541,956.4813843,1004.36853,1966.877441,978.1868896,958.8056641,881.2080688,960.0164795,1191.171509,965.0527344,883.4404907,1976.481689,973.5717163,961.888916,1004.217529
1,1020.724976,1571.100098,1016.687256,1166.718628,2089.980713,946.3766479,1024.87439,940.7218018,1027.494141,1204.253174,1029.148315,833.2489624,2102.364258,873.7504272,1020.685364,1123.105103
1,885.7585449,1459.249268,884.0335083,1095.629517,1823.517212,1061.543213,887.3070068,933.147644,887.5793457,1214.698364,893.0267944,892.9908447,1833.835693,983.6809692,889.0686035,1055.336304
1,996.3660889,1686.972778,992.9425049,1267.805054,2049.702637,940.274353,998.7091064,916.7017212,999.3175049,1258.053467,1003.845703,902.324646,2061.086914,925.1334839,997.1958618,1207.254883
1,795.7345581,1555.216797,788.1052856,1202.062622,1619.153564,973.9190674,793.4273071,846.9951782,791.3112183,1147.535767,795.8599243,873.2313843,1634.308716,1071.539551,790.5494385,1239.957764
1,816.8526001,1517.919434,808.9943848,1172.277344,1661.171753,978.2094116,814.3166504,789.8841553,812.428833,1070.17749,816.7491455,782.2425537,1676.326904,1001.341003,811.4385376,1187.87207
1,967.9924316,1338.367065,964.4543457,981.9318237,1982.915283,952.7341919,966.7786865,860.6920776,968.0766602,1162.295898,973.0258179,848.557312,1992.519287,930.7995605,969.8619385,979.1630859
1,924.614563,1461.098511,922.4690552,1096.067627,1900.83374,1048.659546,925.7442017,934.9078979,926.4320068,1212.908325,931.4639893,900.2659912,1911.151855,969.7364502,927.5040894,1067.275269
1,871.8563843,1353.340942,870.1338501,1018.094666,1790.029663,984.3939819,871.3450317,920.5476074,870.6032715,1233.01123,876.0874023,935.9696655,1801.917725,992.805481,874.1756592,1009.944214
1,1029.61499,1680.540527,1025.831543,1259.087524,2115.858887,913.1759644,1031.598267,901.7727051,1032.566406,1252.409668,1036.734985,899.0413818,2127.243652,905.4702759,1030.084839,1203.926025
1,776.7704468,1793.786743,775.4709473,1384.624634,1611.588867,1108.135864,783.7224731,1002.967712,782.2476196,1269.113525,788.6209717,965.8184814,1623.286987,1071.945801,779.5831299,1383.590576
1,989.8069458,1480.194702,986.5703125,1089.597412,2030.343628,1000.651672,991.6081543,910.9699707,992.4638672,1193.447266,996.7936401,887.1794434,2041.53064,1000.851135,991.0116577,1133.141113
1,840.5128174,1345.524658,836.9534302,1014.899963,1719.533081,912.7111206,836.3961182,932.9043579,834.7756348,1243.592041,841.6268921,871.9117432,1730.777344,862.0910034,841.296936,1010.892578
1,874.1365967,1448.685913,872.5372314,1078.860474,1800.395996,1052.912964,875.8123169,917.8936768,875.9539795,1201.86499,881.5321045,887.178772,1810.714355,992.956665,877.5722046,1050.896973
1,936.6229858,1341.339966,934.9341431,986.7426758,1920.335205,981.8803711,937.4571533,823.0431519,938.1535645,1095.095825,942.9933472,814.3203735,1930.952148,932.6809082,939.7757568,944.0289917
1,878.2008057,1336.30249,874.2335205,1007.331177,1794.521729,892.6767578,873.6761475,913.1207275,872.4633789,1231.056763,878.9069824,851.2596436,1805.765991,851.1657715,878.5770264,1003.554138
1,994.2366333,1595.196655,990.4853516,1178.603882,2037.275879,954.8434448,998.6724243,952.2745361,1001.005859,1207.086914,1002.946533,862.2307129,2049.65918,868.2797852,994.4833374,1131.141724
1,972.3190918,1462.412109,969.2717896,1057.793701,1995.547607,951.8015747,974.3096313,871.8601685,974.9760742,1171.669922,979.4950562,848.5752563,2006.734741,967.9650879,973.7130737,1099.204712
1,872.4036865,1346.589722,870.6752319,1028.167114,1791.118896,1026.600464,871.8864746,927.8579102,871.1506348,1226.79126,876.6289673,911.7081299,1803.006836,994.9191284,874.7171021,1007.119873
1,900.1706543,1378.354126,899.0793457,1038.675903,1848.642822,1051.10144,901.8087769,851.0060425,902.1052246,1122.147583,907.3450317,832.5765991,1859.26001,950.1414795,903.9210205,976.0898438
1,809.1990356,1516.232666,801.4239502,1167.109009,1645.944336,950.5552368,806.7462158,778.7119141,804.7756348,1070.190308,809.1786499,767.8446045,1661.099609,982.1490479,803.8681641,1179.386597
1,996.5598145,1336.652222,992.7127686,980.5050659,2039.756836,950.1482544,995.0371094,846.3596802,996.644165,1147.404297,1001.284302,840.3499756,2049.361328,931.1349487,998.1203613,976.6682739
1,989.1896973,1649.115479,985.8545532,1258.867798,2033.751709,956.1196899,990.8031616,909.7923584,991.3188477,1265.215454,995.9399414,941.4298096,2045.13623,956.4870605,990.1079102,1199.387695
1,836.1880493,1247.452271,832.9289551,984.0637207,1709.08252,924.6973267,831.2104492,950.6611938,829.5241089,1272.315063,836.4411011,962.4266357,1720.326782,957.3049927,837.272583,980.9910889
1,853.4304199,1330.651123,851.9072876,994.4523926,1753.367188,985.3883057,853.1184692,890.4973755,852.1773682,1185.822632,857.8609009,863.2561035,1765.255127,977.9239502,855.9492188,989.7588501
1,1027.588013,1567.222168,1023.475952,1166.822754,2103.63623,939.9830322,1031.663086,947.7932739,1034.357178,1209.90918,1035.937134,843.4727173,2116.019775,884.1108398,1027.473999,1128.830566
1,824.9595947,1767.477173,823.1387329,1347.993286,1707.487427,1041.2677,831.3370972,949.9864502,829.9981079,1239.937622,836.2355347,919.5778198,1719.185547,1014.22229,827.2508545,1354.783081
1,954.0823975,1491.519653,951.2322388,1091.067139,1959.26123,964.4432373,956.2701416,900.2235718,956.7392578,1179.442505,961.4555664,880.3066406,1970.448486,997.6794434,955.673645,1122.506592
1,895.7932129,1351.996216,894.5458984,1003.13031,1839.101929,1013.424744,897.0726929,832.5738525,897.3157959,1104.618774,902.6089478,827.0956421,1849.718994,962.5140991,899.3875122,952.9083862
